1691334242164,主播,Fay,阿斯蒂芬

1691334249446,主播,Fay,阿斯蒂芬

1691334252696,主播,Fay,阿斯蒂芬

1691334255922,主播,Fay,沙发上

1691334260821,主播,Fay,阿斯蒂芬

1691334264033,主播,Fay,阿斯达

1691334268863,主播,Fay,阿斯蒂芬

1691334272131,主播,Fay,阿斯蒂芬

1691334275361,主播,Fay,阿斯蒂芬

1691334278598,主播,Fay,沙发上

1691334281867,主播,Fay,阿斯蒂芬

1691334285073,主播,Fay,阿斯达

1691334288307,主播,Fay,阿斯蒂芬

1691334291601,主播,Fay,阿斯蒂芬

1691334294837,主播,Fay,阿斯蒂芬

1691334298073,主播,Fay,沙发上

1691334301302,主播,Fay,阿斯蒂芬

1691334304540,主播,Fay,阿斯达

1691334307806,主播,Fay,阿斯蒂芬

1691334311039,主播,Fay,阿斯蒂芬

1691334314277,主播,Fay,阿斯蒂芬

1691334317518,主播,Fay,沙发上

1691334320744,主播,Fay,阿斯蒂芬

1691334324013,主播,Fay,阿斯达

1691334327200,主播,Fay,阿斯蒂芬

1691334330433,主播,Fay,阿斯蒂芬

1691334333671,主播,Fay,阿斯蒂芬

1691334336891,主播,Fay,沙发上

1691334340093,主播,Fay,阿斯蒂芬

1691334343334,主播,Fay,阿斯达

1691334345774,主播,Fay,阿斯蒂芬

1691334348988,主播,Fay,阿斯蒂芬

1691334352225,主播,Fay,阿斯蒂芬

1691334355460,主播,Fay,沙发上

1691334358692,主播,Fay,阿斯蒂芬

1691334361905,主播,Fay,阿斯达

1691334364318,主播,Fay,阿斯蒂芬

1691334367583,主播,Fay,阿斯蒂芬

1691334370794,主播,Fay,阿斯蒂芬

1691334374029,主播,Fay,沙发上

1691334377305,主播,Fay,阿斯蒂芬

1691334380524,主播,Fay,阿斯达

1691334382963,主播,Fay,阿斯蒂芬

1691334386186,主播,Fay,阿斯蒂芬

1691334389449,主播,Fay,阿斯蒂芬

1691334392680,主播,Fay,沙发上

1691334395928,主播,Fay,阿斯蒂芬

1691334399141,主播,Fay,阿斯达

1691334402345,主播,Fay,阿斯蒂芬

1691334405589,主播,Fay,阿斯蒂芬

1691334408836,主播,Fay,阿斯蒂芬

1691334412099,主播,Fay,沙发上

1691334415343,主播,Fay,阿斯蒂芬

1691334418586,主播,Fay,阿斯达

1691334421842,主播,Fay,阿斯蒂芬

1691334425056,主播,Fay,阿斯蒂芬

1691334428292,主播,Fay,阿斯蒂芬

1691334431513,主播,Fay,沙发上

1691334434754,主播,Fay,阿斯蒂芬

1691334437980,主播,Fay,阿斯达

1691334440418,主播,Fay,阿斯蒂芬

1691334443634,主播,Fay,阿斯蒂芬

1691334446866,主播,Fay,阿斯蒂芬

1691334450099,主播,Fay,沙发上

1691334453326,主播,Fay,阿斯蒂芬

1691334456585,主播,Fay,阿斯达

1691334459019,主播,Fay,阿斯蒂芬

1691334462274,主播,Fay,阿斯蒂芬

1691334465493,主播,Fay,阿斯蒂芬

1691334468737,主播,Fay,沙发上

1691334472015,主播,Fay,阿斯蒂芬

1691334475248,主播,Fay,阿斯达

1691334478488,主播,Fay,阿斯蒂芬

1691334481711,主播,Fay,阿斯蒂芬

1691334484949,主播,Fay,阿斯蒂芬

1691334488217,主播,Fay,沙发上

1691334491402,主播,Fay,阿斯蒂芬

1691334494628,主播,Fay,阿斯达

1691334497858,主播,Fay,阿斯蒂芬

1691334501085,主播,Fay,阿斯蒂芬

1691334504303,主播,Fay,阿斯蒂芬

1691334507541,主播,Fay,沙发上

1691334510792,主播,Fay,阿斯蒂芬

1691334514036,主播,Fay,阿斯达

1691334516471,主播,Fay,阿斯蒂芬

1691334519713,主播,Fay,阿斯蒂芬

1691334522931,主播,Fay,阿斯蒂芬

1691334526170,主播,Fay,沙发上

1691334529407,主播,Fay,阿斯蒂芬

1691334532634,主播,Fay,阿斯达

1691334535884,主播,Fay,阿斯蒂芬

1691334539116,主播,Fay,阿斯蒂芬

1691334542366,主播,Fay,阿斯蒂芬

1691334545612,主播,Fay,沙发上

1691334548843,主播,Fay,阿斯蒂芬

1691334552105,主播,Fay,阿斯达

1691334555365,主播,Fay,阿斯蒂芬

1691334558604,主播,Fay,阿斯蒂芬

1691334561851,主播,Fay,阿斯蒂芬

1691334565088,主播,Fay,沙发上

1691334568314,主播,Fay,阿斯蒂芬

1691334571560,主播,Fay,阿斯达

1691334574022,主播,Fay,阿斯蒂芬

1691334577239,主播,Fay,阿斯蒂芬

1691334580449,主播,Fay,阿斯蒂芬

1691334583693,主播,Fay,沙发上

1691334586944,主播,Fay,阿斯蒂芬

1691334590218,主播,Fay,阿斯达

1691334593449,主播,Fay,阿斯蒂芬

1691334596699,主播,Fay,阿斯蒂芬

1691334599905,主播,Fay,阿斯蒂芬

1691334603125,主播,Fay,沙发上

1691334606372,主播,Fay,阿斯蒂芬

1691334609642,主播,Fay,阿斯达

1691334612063,主播,Fay,阿斯蒂芬

1691334615325,主播,Fay,阿斯蒂芬

1691334618553,主播,Fay,阿斯蒂芬

1691334621782,主播,Fay,沙发上

1691334625058,主播,Fay,阿斯蒂芬

1691334628323,主播,Fay,阿斯达

1691334631553,主播,Fay,阿斯蒂芬

1691334634772,主播,Fay,阿斯蒂芬

1691334638017,主播,Fay,阿斯蒂芬

1691334641237,主播,Fay,沙发上

1691334644457,主播,Fay,阿斯蒂芬

1691334647689,主播,Fay,阿斯达

1691334650954,主播,Fay,阿斯蒂芬

1691334654154,主播,Fay,阿斯蒂芬

1691334657409,主播,Fay,阿斯蒂芬

1691334660658,主播,Fay,沙发上

1691334663916,主播,Fay,阿斯蒂芬

1691334667159,主播,Fay,阿斯达

1691334670363,主播,Fay,阿斯蒂芬

1691334673614,主播,Fay,阿斯蒂芬

1691334676853,主播,Fay,阿斯蒂芬

1691334680084,主播,Fay,沙发上

1691334683335,主播,Fay,阿斯蒂芬

1691334686576,主播,Fay,阿斯达

1691334689824,主播,Fay,阿斯蒂芬

1691334693090,主播,Fay,阿斯蒂芬

1691334696334,主播,Fay,阿斯蒂芬

1691334699525,主播,Fay,沙发上

1691334702771,主播,Fay,阿斯蒂芬

1691334705993,主播,Fay,阿斯达

1691334709200,主播,Fay,阿斯蒂芬

1691334712447,主播,Fay,阿斯蒂芬

1691334715664,主播,Fay,阿斯蒂芬

1691334716452,主播,Fay,沙发上

1691334722751,主播,Fay,北京市朝阳区富国海底世界

1691334729247,主播,Fay,北京市朝阳区富国海底世界

1691334734102,主播,Fay,北京市朝阳区富国海底世界

1691334739056,主播,Fay,北京市朝阳区富国海底世界

1691334743868,主播,Fay,北京市朝阳区富国海底世界

1691334748759,主播,Fay,北京市朝阳区富国海底世界

1691334750350,主播,Fay,北京市朝阳区富国海底世界

1691334753033,主播,Fay,北京市朝阳区富国海底世界

1691334759460,主播,Fay,北京市朝阳区富国海底世界

1691334763591,主播,Fay,北京市朝阳区富国海底世界

1691334768511,主播,Fay,北京市朝阳区富国海底世界

1691334773411,主播,Fay,北京市朝阳区富国海底世界

1691334778340,主播,Fay,北京市朝阳区富国海底世界

1691334783214,主播,Fay,北京市朝阳区富国海底世界4

1691334784820,主播,Fay,北京市朝阳区富国海底世界1

1691334787135,主播,Fay,北京市朝阳区富国海底世界4

1691334793523,主播,Fay,北京市朝阳区富国海底世界1

1691334800033,主播,Fay,北京市朝阳区富国海底世界3

1691334807374,主播,Fay,北京市朝阳区富国海底世界5

1691334813966,主播,Fay,北京市朝阳区富国海底世界2

1691334821272,主播,Fay,北京市朝阳区富国海底世界6

1691334827770,主播,Fay,北京市朝阳区富国海底世界4

1691334832704,主播,Fay,北京市朝阳区富国海底世界1

1691334837580,主播,Fay,北京市朝阳区富国海底世界3

1691334842497,主播,Fay,北京市朝阳区富国海底世界5

1691334847333,主播,Fay,北京市朝阳区富国海底世界2

1691334852220,主播,Fay,北京市朝阳区富国海底世界6

1691334857210,主播,Fay,北京市朝阳区富国海底世界4

1691334862090,主播,Fay,北京市朝阳区富国海底世界1

1691334867003,主播,Fay,北京市朝阳区富国海底世界3

1691334871779,主播,Fay,北京市朝阳区富国海底世界5

1691334876717,主播,Fay,北京市朝阳区富国海底世界2

1691334881607,主播,Fay,北京市朝阳区富国海底世界6

1691334886456,主播,Fay,北京市朝阳区富国海底世界4

1691334891377,主播,Fay,北京市朝阳区富国海底世界1

1691334896242,主播,Fay,北京市朝阳区富国海底世界3

1691334901086,主播,Fay,北京市朝阳区富国海底世界5

1691334905957,主播,Fay,北京市朝阳区富国海底世界2

1691334910895,主播,Fay,北京市朝阳区富国海底世界6

1691334915744,主播,Fay,北京市朝阳区富国海底世界4

1691334924144,主播,Fay,北京市朝阳区富国海底世界4

1691334930557,主播,Fay,北京市朝阳区富国海底世界1

1691334936993,主播,Fay,北京市朝阳区富国海底世界3

1691334943457,主播,Fay,北京市朝阳区富国海底世界5

1691334949907,主播,Fay,北京市朝阳区富国海底世界2

1691334956371,主播,Fay,北京市朝阳区富国海底世界6

1691334962835,主播,Fay,北京市朝阳区富国海底世界4

1691334967687,主播,Fay,北京市朝阳区富国海底世界1

1691334972545,主播,Fay,北京市朝阳区富国海底世界3

1691334977389,主播,Fay,北京市朝阳区富国海底世界5

1691334982278,主播,Fay,北京市朝阳区富国海底世界2

1691334987118,主播,Fay,北京市朝阳区富国海底世界6

1691334991973,主播,Fay,北京市朝阳区富国海底世界4

1691334996792,主播,Fay,北京市朝阳区富国海底世界1

1691335001616,主播,Fay,北京市朝阳区富国海底世界3

1691335006477,主播,Fay,北京市朝阳区富国海底世界5

1691335010462,主播,Fay,北京市朝阳区富国海底世界2

1691335012546,主播,Fay,北京市朝阳区富国海底世界4

1691335019876,主播,Fay,北京市朝阳区富国海底世界1

1691335027089,主播,Fay,北京市朝阳区富国海底世界3

1691335033546,主播,Fay,北京市朝阳区富国海底世界5

1691335040073,主播,Fay,北京市朝阳区富国海底世界2

1691335046520,主播,Fay,北京市朝阳区富国海底世界6

1691335053058,主播,Fay,北京市朝阳区富国海底世界4

1691335057928,主播,Fay,北京市朝阳区富国海底世界1

1691335062798,主播,Fay,北京市朝阳区富国海底世界3

1691335067707,主播,Fay,北京市朝阳区富国海底世界5

1691335072633,主播,Fay,北京市朝阳区富国海底世界2

1691335077477,主播,Fay,北京市朝阳区富国海底世界6

1691335082318,主播,Fay,北京市朝阳区富国海底世界4

1691335087278,主播,Fay,北京市朝阳区富国海底世界1

1691335092191,主播,Fay,北京市朝阳区富国海底世界3

1691335097079,主播,Fay,北京市朝阳区富国海底世界5

1691335101937,主播,Fay,北京市朝阳区富国海底世界2

1691335106856,主播,Fay,北京市朝阳区富国海底世界6

1691335111765,主播,Fay,北京市朝阳区富国海底世界4

1691335116606,主播,Fay,北京市朝阳区富国海底世界1

1691335121456,主播,Fay,北京市朝阳区富国海底世界3

1691335126331,主播,Fay,北京市朝阳区富国海底世界5

1691335131275,主播,Fay,北京市朝阳区富国海底世界2

1691335136074,主播,Fay,北京市朝阳区富国海底世界6

1691335141047,主播,Fay,北京市朝阳区富国海底世界4

1691335145939,主播,Fay,北京市朝阳区富国海底世界1

1691335150791,主播,Fay,北京市朝阳区富国海底世界3

1691335155719,主播,Fay,北京市朝阳区富国海底世界5

1691335160637,主播,Fay,北京市朝阳区富国海底世界2

1691335165494,主播,Fay,北京市朝阳区富国海底世界6

1691335170377,主播,Fay,北京市朝阳区富国海底世界4

1691335175230,主播,Fay,北京市朝阳区富国海底世界1

1691335180196,主播,Fay,北京市朝阳区富国海底世界3

1691335185045,主播,Fay,北京市朝阳区富国海底世界5

1691335189916,主播,Fay,北京市朝阳区富国海底世界2

1691335194944,主播,Fay,北京市朝阳区富国海底世界6

1691335199880,主播,Fay,北京市朝阳区富国海底世界4

1691335204792,主播,Fay,北京市朝阳区富国海底世界1

1691335209699,主播,Fay,北京市朝阳区富国海底世界3

1691335214557,主播,Fay,北京市朝阳区富国海底世界5

1691335219441,主播,Fay,北京市朝阳区富国海底世界2

1691335224308,主播,Fay,北京市朝阳区富国海底世界6

1691335229166,主播,Fay,北京市朝阳区富国海底世界4

1691335234095,主播,Fay,北京市朝阳区富国海底世界1

1691335238968,主播,Fay,北京市朝阳区富国海底世界3

1691335243744,主播,Fay,北京市朝阳区富国海底世界5

1691335248605,主播,Fay,北京市朝阳区富国海底世界2

1691335253495,主播,Fay,北京市朝阳区富国海底世界6

1691335258409,主播,Fay,北京市朝阳区富国海底世界4

1691335263391,主播,Fay,北京市朝阳区富国海底世界1

1691335268327,主播,Fay,北京市朝阳区富国海底世界3

1691335273093,主播,Fay,北京市朝阳区富国海底世界5

1691335277941,主播,Fay,北京市朝阳区富国海底世界2

1691335282825,主播,Fay,北京市朝阳区富国海底世界6

1691335287737,主播,Fay,北京市朝阳区富国海底世界4

1691335292567,主播,Fay,北京市朝阳区富国海底世界1

1691335297457,主播,Fay,北京市朝阳区富国海底世界3

1691335302324,主播,Fay,北京市朝阳区富国海底世界5

1691335307241,主播,Fay,北京市朝阳区富国海底世界2

1691335312105,主播,Fay,北京市朝阳区富国海底世界6

1691335317059,主播,Fay,北京市朝阳区富国海底世界4

1691335321908,主播,Fay,北京市朝阳区富国海底世界1

1691335326770,主播,Fay,北京市朝阳区富国海底世界3

1691335331658,主播,Fay,北京市朝阳区富国海底世界5

1691335336520,主播,Fay,北京市朝阳区富国海底世界2

1691335341375,主播,Fay,北京市朝阳区富国海底世界6

1691335346261,主播,Fay,北京市朝阳区富国海底世界4

1691335351130,主播,Fay,北京市朝阳区富国海底世界1

1691335356015,主播,Fay,北京市朝阳区富国海底世界3

1691335360883,主播,Fay,北京市朝阳区富国海底世界5

1691335365784,主播,Fay,北京市朝阳区富国海底世界2

1691335366586,主播,Fay,北京市朝阳区富国海底世界6

1691335381815,主播,Fay,北京市朝阳区富国海底世界4

1691335388366,主播,Fay,北京市朝阳区富国海底世界1

1691335394890,主播,Fay,北京市朝阳区富国海底世界3

1691335401467,主播,Fay,北京市朝阳区富国海底世界5

1691335407943,主播,Fay,北京市朝阳区富国海底世界2

1691335414453,主播,Fay,北京市朝阳区富国海底世界6

1691335421799,主播,Fay,北京市朝阳区富国海底世界4

1691335426669,主播,Fay,北京市朝阳区富国海底世界1

1691335431571,主播,Fay,北京市朝阳区富国海底世界3

1691335436453,主播,Fay,北京市朝阳区富国海底世界5

1691335441334,主播,Fay,北京市朝阳区富国海底世界2

1691335446226,主播,Fay,北京市朝阳区富国海底世界6

1691335451144,主播,Fay,北京市朝阳区富国海底世界4

1691335456013,主播,Fay,北京市朝阳区富国海底世界1

1691335460889,主播,Fay,北京市朝阳区富国海底世界3

1691335465802,主播,Fay,北京市朝阳区富国海底世界5

1691335470673,主播,Fay,北京市朝阳区富国海底世界2

1691335475517,主播,Fay,北京市朝阳区富国海底世界6

1691335480386,主播,Fay,北京市朝阳区富国海底世界4

1691335485251,主播,Fay,北京市朝阳区富国海底世界1

1691335490214,主播,Fay,北京市朝阳区富国海底世界3

1691335495096,主播,Fay,北京市朝阳区富国海底世界5

1691335500003,主播,Fay,北京市朝阳区富国海底世界2

1691335504836,主播,Fay,北京市朝阳区富国海底世界6

1691335509719,主播,Fay,北京市朝阳区富国海底世界4

1691335514585,主播,Fay,北京市朝阳区富国海底世界1

1691335519436,主播,Fay,北京市朝阳区富国海底世界3

1691335524330,主播,Fay,北京市朝阳区富国海底世界5

1691335529213,主播,Fay,北京市朝阳区富国海底世界2

1691335534073,主播,Fay,北京市朝阳区富国海底世界6

1691335538956,主播,Fay,北京市朝阳区富国海底世界4

1691335543834,主播,Fay,北京市朝阳区富国海底世界1

1691335548735,主播,Fay,北京市朝阳区富国海底世界3

1691335553649,主播,Fay,北京市朝阳区富国海底世界5

1691335558477,主播,Fay,北京市朝阳区富国海底世界2

1691335563359,主播,Fay,北京市朝阳区富国海底世界6

1691335568246,主播,Fay,北京市朝阳区富国海底世界4

1691335573092,主播,Fay,北京市朝阳区富国海底世界1

1691335573889,主播,Fay,北京市朝阳区富国海底世界3

1691335576881,主播,Fay,北京市朝阳区富国海底世界4

1691335583432,主播,Fay,北京市朝阳区富国海底世界1

1691335589860,主播,Fay,北京市朝阳区富国海底世界3

1691335596394,主播,Fay,北京市朝阳区富国海底世界5

1691335603016,主播,Fay,北京市朝阳区富国海底世界2

1691335609500,主播,Fay,北京市朝阳区富国海底世界6

1691335616010,主播,Fay,北京市朝阳区富国海底世界4

1691335620850,主播,Fay,北京市朝阳区富国海底世界1

1691335625692,主播,Fay,北京市朝阳区富国海底世界3

1691335630569,主播,Fay,北京市朝阳区富国海底世界5

1691335635457,主播,Fay,北京市朝阳区富国海底世界2

1691335640287,主播,Fay,北京市朝阳区富国海底世界6

1691335643497,主播,Fay,北京市朝阳区富国海底世界4

1691335654032,主播,Fay,北京市朝阳区富国海底世界4

1691335660529,主播,Fay,北京市朝阳区富国海底世界1

1691335667028,主播,Fay,北京市朝阳区富国海底世界3

1691335673479,主播,Fay,北京市朝阳区富国海底世界5

1691335676834,主播,Fay,北京市朝阳区富国海底世界4

1691335683323,主播,Fay,北京市朝阳区富国海底世界1

1691335689960,主播,Fay,北京市朝阳区富国海底世界3

1691335696405,主播,Fay,北京市朝阳区富国海底世界5

1691335702893,主播,Fay,北京市朝阳区富国海底世界2

1691335709363,主播,Fay,北京市朝阳区富国海底世界6

1691335715833,主播,Fay,北京市朝阳区富国海底世界4

1691335720708,主播,Fay,北京市朝阳区富国海底世界1

1691335725560,主播,Fay,北京市朝阳区富国海底世界3

1691335730452,主播,Fay,北京市朝阳区富国海底世界5

1691335735309,主播,Fay,北京市朝阳区富国海底世界2

1691335740284,主播,Fay,北京市朝阳区富国海底世界6

1691335745135,主播,Fay,北京市朝阳区富国海底世界4

1691335749974,主播,Fay,北京市朝阳区富国海底世界1

1691335754913,主播,Fay,北京市朝阳区富国海底世界3

1691335759769,主播,Fay,北京市朝阳区富国海底世界5

1691335764642,主播,Fay,北京市朝阳区富国海底世界2

1691335769501,主播,Fay,北京市朝阳区富国海底世界6

1691335774428,主播,Fay,北京市朝阳区富国海底世界4

1691335779279,主播,Fay,北京市朝阳区富国海底世界1

1691335784141,主播,Fay,北京市朝阳区富国海底世界3

1691335788977,主播,Fay,北京市朝阳区富国海底世界5

1691335793853,主播,Fay,北京市朝阳区富国海底世界2

1691335798784,主播,Fay,北京市朝阳区富国海底世界6

1691335803618,主播,Fay,北京市朝阳区富国海底世界4

1691335808433,主播,Fay,北京市朝阳区富国海底世界1

1691335813379,主播,Fay,北京市朝阳区富国海底世界3

1691335818250,主播,Fay,北京市朝阳区富国海底世界5

1691335823151,主播,Fay,北京市朝阳区富国海底世界2

1691335827987,主播,Fay,北京市朝阳区富国海底世界6

1691335832854,主播,Fay,北京市朝阳区富国海底世界4

1691335837776,主播,Fay,北京市朝阳区富国海底世界1

1691335842624,主播,Fay,北京市朝阳区富国海底世界3

1691335847525,主播,Fay,北京市朝阳区富国海底世界5

1691335852384,主播,Fay,北京市朝阳区富国海底世界2

1691335857272,主播,Fay,北京市朝阳区富国海底世界6

1691335862143,主播,Fay,北京市朝阳区富国海底世界4

1691335867081,主播,Fay,北京市朝阳区富国海底世界1

1691335871967,主播,Fay,北京市朝阳区富国海底世界3

1691335876813,主播,Fay,北京市朝阳区富国海底世界5

1691335881640,主播,Fay,北京市朝阳区富国海底世界2

1691335886534,主播,Fay,北京市朝阳区富国海底世界6

1691335891476,主播,Fay,北京市朝阳区富国海底世界4

1691335896317,主播,Fay,北京市朝阳区富国海底世界1

1691335901232,主播,Fay,北京市朝阳区富国海底世界3

1691335906113,主播,Fay,北京市朝阳区富国海底世界5

1691335911003,主播,Fay,北京市朝阳区富国海底世界2

1691335915832,主播,Fay,北京市朝阳区富国海底世界6

1691335920667,主播,Fay,北京市朝阳区富国海底世界4

